identifier,viewURL
urn:uuid:bd090a42-f1f6-4dcf-95d5-5f47544acdec,https://search.dataone.org/view/urn:uuid:bd090a42-f1f6-4dcf-95d5-5f47544acdec
urn:uuid:fc2541a0-2669-4f16-aeb6-4022ca56928d,https://search.dataone.org/view/urn:uuid:fc2541a0-2669-4f16-aeb6-4022ca56928d
doi:10.18739/A26T0GX06,https://search.dataone.org/view/doi:10.18739/A26T0GX06
doi:10.18739/A2736M31X,https://search.dataone.org/view/doi:10.18739/A2736M31X
doi:10.18739/A29882N5H,https://search.dataone.org/view/doi:10.18739/A29882N5H
doi:10.18739/A2NV99B09,https://search.dataone.org/view/doi:10.18739/A2NV99B09
doi:10.18739/A2M61BQ8M,https://search.dataone.org/view/doi:10.18739/A2M61BQ8M
doi:10.18739/A2PN8XG4B,https://search.dataone.org/view/doi:10.18739/A2PN8XG4B
doi:10.18739/A2V97ZR7H,https://search.dataone.org/view/doi:10.18739/A2V97ZR7H
doi:10.18739/A2VM42Z20,https://search.dataone.org/view/doi:10.18739/A2VM42Z20
urn:uuid:2c3d353f-9353-45c9-aeb6-d322171d6f78,https://search.dataone.org/view/urn:uuid:2c3d353f-9353-45c9-aeb6-d322171d6f78
urn:uuid:1d74e61a-ad8c-411a-a204-0b9a04ce860c,https://search.dataone.org/view/urn:uuid:1d74e61a-ad8c-411a-a204-0b9a04ce860c
urn:uuid:68c94e7d-422f-4b09-8274-25e384cfef09,https://search.dataone.org/view/urn:uuid:68c94e7d-422f-4b09-8274-25e384cfef09
urn:uuid:56d1f42c-31d5-49e9-bea9-59a41b8045cd,https://search.dataone.org/view/urn:uuid:56d1f42c-31d5-49e9-bea9-59a41b8045cd
urn:uuid:8db1b253-40d2-4ce5-a47a-057dd9ec6adc,https://search.dataone.org/view/urn:uuid:8db1b253-40d2-4ce5-a47a-057dd9ec6adc
doi:10.18739/A23G4F,https://search.dataone.org/view/doi:10.18739/A23G4F
doi:10.18739/A23B5W786,https://search.dataone.org/view/doi:10.18739/A23B5W786
doi:10.18739/A23B5W82R,https://search.dataone.org/view/doi:10.18739/A23B5W82R
doi:10.18739/A23J39198,https://search.dataone.org/view/doi:10.18739/A23J39198
doi:10.18739/A23J3912W,https://search.dataone.org/view/doi:10.18739/A23J3912W
doi:10.18739/A23F4KN90,https://search.dataone.org/view/doi:10.18739/A23F4KN90
doi:10.18739/A23X83M2Q,https://search.dataone.org/view/doi:10.18739/A23X83M2Q
doi:10.18739/A23R0PT8K,https://search.dataone.org/view/doi:10.18739/A23R0PT8K
doi:10.18739/A23R0PT2P,https://search.dataone.org/view/doi:10.18739/A23R0PT2P
doi:10.18739/A23S1D,https://search.dataone.org/view/doi:10.18739/A23S1D
doi:10.18739/A2000012K,https://search.dataone.org/view/doi:10.18739/A2000012K
doi:10.18739/A2028PD2H,https://search.dataone.org/view/doi:10.18739/A2028PD2H
doi:10.18739/A2057CS9R,https://search.dataone.org/view/doi:10.18739/A2057CS9R
doi:10.18739/A20P0WQ9K,https://search.dataone.org/view/doi:10.18739/A20P0WQ9K
doi:10.18739/A20P0WR53,https://search.dataone.org/view/doi:10.18739/A20P0WR53
doi:10.18739/A20P0WR0P,https://search.dataone.org/view/doi:10.18739/A20P0WR0P
doi:10.18739/A20P0WR15,https://search.dataone.org/view/doi:10.18739/A20P0WR15
doi:10.18739/A20P2T,https://search.dataone.org/view/doi:10.18739/A20P2T
doi:10.18739/A20R9M45T,https://search.dataone.org/view/doi:10.18739/A20R9M45T
doi:10.18739/A20R9M47S,https://search.dataone.org/view/doi:10.18739/A20R9M47S
doi:10.18739/A20R9M42C,https://search.dataone.org/view/doi:10.18739/A20R9M42C
doi:10.18739/A20Z70X4H,https://search.dataone.org/view/doi:10.18739/A20Z70X4H
doi:10.18739/A20V89J16,https://search.dataone.org/view/doi:10.18739/A20V89J16
doi:10.18739/A2222R59X,https://search.dataone.org/view/doi:10.18739/A2222R59X
doi:10.18739/A22N4ZJ4J,https://search.dataone.org/view/doi:10.18739/A22N4ZJ4J
doi:10.18739/A22B8VC2H,https://search.dataone.org/view/doi:10.18739/A22B8VC2H
doi:10.18739/A22F7JR7S,https://search.dataone.org/view/doi:10.18739/A22F7JR7S
doi:10.18739/A22R3NX6C,https://search.dataone.org/view/doi:10.18739/A22R3NX6C
doi:10.18739/A22Z12P4J,https://search.dataone.org/view/doi:10.18739/A22Z12P4J
doi:10.18739/A22Z12Q3H,https://search.dataone.org/view/doi:10.18739/A22Z12Q3H
doi:10.18739/A2154DP90,https://search.dataone.org/view/doi:10.18739/A2154DP90
doi:10.18739/A21N7XM2W,https://search.dataone.org/view/doi:10.18739/A21N7XM2W
doi:10.18739/A21N7XN49,https://search.dataone.org/view/doi:10.18739/A21N7XN49
doi:10.18739/A21G0HV73,https://search.dataone.org/view/doi:10.18739/A21G0HV73
doi:10.18739/A21P3H,https://search.dataone.org/view/doi:10.18739/A21P3H
doi:10.18739/A21Z41T4R,https://search.dataone.org/view/doi:10.18739/A21Z41T4R
doi:10.18739/A23775W1C,https://search.dataone.org/view/doi:10.18739/A23775W1C
doi:10.18739/A23775V7T,https://search.dataone.org/view/doi:10.18739/A23775V7T
doi:10.18739/A2319S316,https://search.dataone.org/view/doi:10.18739/A2319S316
doi:10.18739/A27M0409J,https://search.dataone.org/view/doi:10.18739/A27M0409J
doi:10.18739/A27G4P,https://search.dataone.org/view/doi:10.18739/A27G4P
doi:10.18739/A27H1DN2B,https://search.dataone.org/view/doi:10.18739/A27H1DN2B
doi:10.18739/A27W6763M,https://search.dataone.org/view/doi:10.18739/A27W6763M
doi:10.18739/A24746S04,https://search.dataone.org/view/doi:10.18739/A24746S04
doi:10.18739/A2416T02X,https://search.dataone.org/view/doi:10.18739/A2416T02X
doi:10.18739/A24G4R,https://search.dataone.org/view/doi:10.18739/A24G4R
doi:10.18739/A24J09X6N,https://search.dataone.org/view/doi:10.18739/A24J09X6N
doi:10.18739/A24J09X8M,https://search.dataone.org/view/doi:10.18739/A24J09X8M
doi:10.18739/A24F1MJ97,https://search.dataone.org/view/doi:10.18739/A24F1MJ97
doi:10.18739/A24F1MJ3B,https://search.dataone.org/view/doi:10.18739/A24F1MJ3B
doi:10.18739/A24F1MK1T,https://search.dataone.org/view/doi:10.18739/A24F1MK1T
doi:10.18739/A24Q7QP6V,https://search.dataone.org/view/doi:10.18739/A24Q7QP6V
doi:10.18739/A24Q7QQ88,https://search.dataone.org/view/doi:10.18739/A24Q7QQ88
doi:10.18739/A24T6F334,https://search.dataone.org/view/doi:10.18739/A24T6F334
doi:10.18739/A26688J9Z,https://search.dataone.org/view/doi:10.18739/A26688J9Z
doi:10.18739/A26H4CQ53,https://search.dataone.org/view/doi:10.18739/A26H4CQ53
doi:10.18739/A26H4CQ72,https://search.dataone.org/view/doi:10.18739/A26H4CQ72
doi:10.18739/A26H4CR1M,https://search.dataone.org/view/doi:10.18739/A26H4CR1M
doi:10.18739/A26D5PB76,https://search.dataone.org/view/doi:10.18739/A26D5PB76
doi:10.18739/A26D5PB19,https://search.dataone.org/view/doi:10.18739/A26D5PB19
doi:10.18739/A26D5PB2S,https://search.dataone.org/view/doi:10.18739/A26D5PB2S
doi:10.18739/A26W9688B,https://search.dataone.org/view/doi:10.18739/A26W9688B
doi:10.18739/A26Q1SH6S,https://search.dataone.org/view/doi:10.18739/A26Q1SH6S
doi:10.18739/A25717P1V,https://search.dataone.org/view/doi:10.18739/A25717P1V
doi:10.18739/A25717P2B,https://search.dataone.org/view/doi:10.18739/A25717P2B
doi:10.18739/A2513TW2R,https://search.dataone.org/view/doi:10.18739/A2513TW2R
doi:10.18739/A2599Z254,https://search.dataone.org/view/doi:10.18739/A2599Z254
doi:10.18739/A2599Z26M,https://search.dataone.org/view/doi:10.18739/A2599Z26M
doi:10.18739/A25H7BV1C,https://search.dataone.org/view/doi:10.18739/A25H7BV1C
doi:10.18739/A25C6S,https://search.dataone.org/view/doi:10.18739/A25C6S
doi:10.18739/A25D8ND61,https://search.dataone.org/view/doi:10.18739/A25D8ND61
doi:10.18739/A25D8NF8F,https://search.dataone.org/view/doi:10.18739/A25D8NF8F
doi:10.18739/A25D8NF2J,https://search.dataone.org/view/doi:10.18739/A25D8NF2J
doi:10.18739/A25P3R,https://search.dataone.org/view/doi:10.18739/A25P3R
doi:10.18739/A25Q4RM71,https://search.dataone.org/view/doi:10.18739/A25Q4RM71
doi:10.18739/A25Q4RM33,https://search.dataone.org/view/doi:10.18739/A25Q4RM33
doi:10.18739/A25T3G02W,https://search.dataone.org/view/doi:10.18739/A25T3G02W
doi:10.18739/A2707WN9M,https://search.dataone.org/view/doi:10.18739/A2707WN9M
doi:10.18739/A2707WP4N,https://search.dataone.org/view/doi:10.18739/A2707WP4N
doi:10.18739/A27940V24,https://search.dataone.org/view/doi:10.18739/A27940V24
doi:10.18739/A2736M18D,https://search.dataone.org/view/doi:10.18739/A2736M18D
doi:10.18739/A27659G5Q,https://search.dataone.org/view/doi:10.18739/A27659G5Q
doi:10.18739/A27659G3R,https://search.dataone.org/view/doi:10.18739/A27659G3R
doi:10.18739/A2804XK1F,https://search.dataone.org/view/doi:10.18739/A2804XK1F
doi:10.18739/A2828C,https://search.dataone.org/view/doi:10.18739/A2828C
doi:10.18739/A28911R1W,https://search.dataone.org/view/doi:10.18739/A28911R1W
doi:10.18739/A28911R3V,https://search.dataone.org/view/doi:10.18739/A28911R3V
doi:10.18739/A2862BB7G,https://search.dataone.org/view/doi:10.18739/A2862BB7G
doi:10.18739/A2862BC0J,https://search.dataone.org/view/doi:10.18739/A2862BC0J
doi:10.18739/A2862BC30,https://search.dataone.org/view/doi:10.18739/A2862BC30
doi:10.18739/A28G8FJ21,https://search.dataone.org/view/doi:10.18739/A28G8FJ21
doi:10.18739/A28P3P,https://search.dataone.org/view/doi:10.18739/A28P3P
doi:10.18739/A28S4JP6K,https://search.dataone.org/view/doi:10.18739/A28S4JP6K
doi:10.18739/A2901ZG63,https://search.dataone.org/view/doi:10.18739/A2901ZG63
doi:10.18739/A29882N8Z,https://search.dataone.org/view/doi:10.18739/A29882N8Z
doi:10.18739/A2928P,https://search.dataone.org/view/doi:10.18739/A2928P
doi:10.18739/A2930NV5G,https://search.dataone.org/view/doi:10.18739/A2930NV5G
doi:10.18739/A2959C81Q,https://search.dataone.org/view/doi:10.18739/A2959C81Q
doi:10.18739/A29G5GD58,https://search.dataone.org/view/doi:10.18739/A29G5GD58
doi:10.18739/A29G5GD77,https://search.dataone.org/view/doi:10.18739/A29G5GD77
doi:10.18739/A29G5GD39,https://search.dataone.org/view/doi:10.18739/A29G5GD39
doi:10.18739/A29G5GF09,https://search.dataone.org/view/doi:10.18739/A29G5GF09
doi:10.18739/A29K45S73,https://search.dataone.org/view/doi:10.18739/A29K45S73
doi:10.18739/A29P2W65G,https://search.dataone.org/view/doi:10.18739/A29P2W65G
doi:10.18739/A29Z90C6V,https://search.dataone.org/view/doi:10.18739/A29Z90C6V
doi:10.18739/A2CN6Z06W,https://search.dataone.org/view/doi:10.18739/A2CN6Z06W
doi:10.18739/A2CN6Z03F,https://search.dataone.org/view/doi:10.18739/A2CN6Z03F
doi:10.18739/A2CC4W,https://search.dataone.org/view/doi:10.18739/A2CC4W
doi:10.18739/A2CF9J675,https://search.dataone.org/view/doi:10.18739/A2CF9J675
doi:10.18739/A2CW0J,https://search.dataone.org/view/doi:10.18739/A2CW0J
doi:10.18739/A2CZ3256B,https://search.dataone.org/view/doi:10.18739/A2CZ3256B
doi:10.18739/A2CZ3259S,https://search.dataone.org/view/doi:10.18739/A2CZ3259S
doi:10.18739/A2CZ3250F,https://search.dataone.org/view/doi:10.18739/A2CZ3250F
doi:10.18739/A2CZ3253W,https://search.dataone.org/view/doi:10.18739/A2CZ3253W
doi:10.18739/A2B853H78,https://search.dataone.org/view/doi:10.18739/A2B853H78
doi:10.18739/A2B853J5R,https://search.dataone.org/view/doi:10.18739/A2B853J5R
doi:10.18739/A2B27PR74,https://search.dataone.org/view/doi:10.18739/A2B27PR74
doi:10.18739/A2B27PR93,https://search.dataone.org/view/doi:10.18739/A2B27PR93
doi:10.18739/A2B56D46X,https://search.dataone.org/view/doi:10.18739/A2B56D46X
doi:10.18739/A2B56D48W,https://search.dataone.org/view/doi:10.18739/A2B56D48W
doi:10.18739/A2BN9X374,https://search.dataone.org/view/doi:10.18739/A2BN9X374
doi:10.18739/A2BN9X32Q,https://search.dataone.org/view/doi:10.18739/A2BN9X32Q
doi:10.18739/A2BC3SX8P,https://search.dataone.org/view/doi:10.18739/A2BC3SX8P
doi:10.18739/A2BZ6187K,https://search.dataone.org/view/doi:10.18739/A2BZ6187K
doi:10.18739/A2BZ6189J,https://search.dataone.org/view/doi:10.18739/A2BZ6189J
doi:10.18739/A2C824F6G,https://search.dataone.org/view/doi:10.18739/A2C824F6G
doi:10.18739/A2C824F2J,https://search.dataone.org/view/doi:10.18739/A2C824F2J
doi:10.18739/A2C24QN7C,https://search.dataone.org/view/doi:10.18739/A2C24QN7C
doi:10.18739/A2C53F17N,https://search.dataone.org/view/doi:10.18739/A2C53F17N
doi:10.18739/A2GM81P42,https://search.dataone.org/view/doi:10.18739/A2GM81P42
doi:10.18739/A2GQ6R27D,https://search.dataone.org/view/doi:10.18739/A2GQ6R27D
doi:10.18739/A2GQ6R30G,https://search.dataone.org/view/doi:10.18739/A2GQ6R30G
doi:10.18739/A2GQ6R33X,https://search.dataone.org/view/doi:10.18739/A2GQ6R33X
doi:10.18739/A2GT5FG5R,https://search.dataone.org/view/doi:10.18739/A2GT5FG5R
doi:10.18739/A2GT5FG0B,https://search.dataone.org/view/doi:10.18739/A2GT5FG0B
doi:10.18739/A2GT5FG29,https://search.dataone.org/view/doi:10.18739/A2GT5FG29
doi:10.18739/A2D795976,https://search.dataone.org/view/doi:10.18739/A2D795976
doi:10.18739/A2D795B5P,https://search.dataone.org/view/doi:10.18739/A2D795B5P
doi:10.18739/A2D795B08,https://search.dataone.org/view/doi:10.18739/A2D795B08
doi:10.18739/A2D21RJ83,https://search.dataone.org/view/doi:10.18739/A2D21RJ83
doi:10.18739/A2D55H,https://search.dataone.org/view/doi:10.18739/A2D55H
doi:10.18739/A2D50FX7G,https://search.dataone.org/view/doi:10.18739/A2D50FX7G
doi:10.18739/A2DB7VQ93,https://search.dataone.org/view/doi:10.18739/A2DB7VQ93
doi:10.18739/A2DB7VQ2Q,https://search.dataone.org/view/doi:10.18739/A2DB7VQ2Q
doi:10.18739/A2DC5K,https://search.dataone.org/view/doi:10.18739/A2DC5K
doi:10.18739/A2DJ58G59,https://search.dataone.org/view/doi:10.18739/A2DJ58G59
doi:10.18739/A2DJ58H0B,https://search.dataone.org/view/doi:10.18739/A2DJ58H0B
doi:10.18739/A2DF71,https://search.dataone.org/view/doi:10.18739/A2DF71
doi:10.18739/A2DR2P85H,https://search.dataone.org/view/doi:10.18739/A2DR2P85H
doi:10.18739/A2DR2P90J,https://search.dataone.org/view/doi:10.18739/A2DR2P90J
doi:10.18739/A2DZ0320P,https://search.dataone.org/view/doi:10.18739/A2DZ0320P
doi:10.18739/A2DV1CN7B,https://search.dataone.org/view/doi:10.18739/A2DV1CN7B
doi:10.18739/A2DV1CP3V,https://search.dataone.org/view/doi:10.18739/A2DV1CP3V
doi:10.18739/A2F76668X,https://search.dataone.org/view/doi:10.18739/A2F76668X
doi:10.18739/A2F18SF3C,https://search.dataone.org/view/doi:10.18739/A2F18SF3C
doi:10.18739/A2F47GV26,https://search.dataone.org/view/doi:10.18739/A2F47GV26
doi:10.18739/A2FB4WM1G,https://search.dataone.org/view/doi:10.18739/A2FB4WM1G
doi:10.18739/A2FJ29D12,https://search.dataone.org/view/doi:10.18739/A2FJ29D12
doi:10.18739/A2FF3M10Q,https://search.dataone.org/view/doi:10.18739/A2FF3M10Q
doi:10.18739/A2FQ9Q607,https://search.dataone.org/view/doi:10.18739/A2FQ9Q607
doi:10.18739/A2FX73Z1F,https://search.dataone.org/view/doi:10.18739/A2FX73Z1F
doi:10.18739/A2FT8DK22,https://search.dataone.org/view/doi:10.18739/A2FT8DK22
doi:10.18739/A2FT8DK3J,https://search.dataone.org/view/doi:10.18739/A2FT8DK3J
doi:10.18739/A2G15TB9H,https://search.dataone.org/view/doi:10.18739/A2G15TB9H
doi:10.18739/A2G15TB3M,https://search.dataone.org/view/doi:10.18739/A2G15TB3M
doi:10.18739/A2G44HR2F,https://search.dataone.org/view/doi:10.18739/A2G44HR2F
doi:10.18739/A2KH0F03F,https://search.dataone.org/view/doi:10.18739/A2KH0F03F
doi:10.18739/A2KD1QK3Q,https://search.dataone.org/view/doi:10.18739/A2KD1QK3Q
doi:10.18739/A2KK94C7P,https://search.dataone.org/view/doi:10.18739/A2KK94C7P
doi:10.18739/A2KK94C85,https://search.dataone.org/view/doi:10.18739/A2KK94C85
doi:10.18739/A2KW57J7R,https://search.dataone.org/view/doi:10.18739/A2KW57J7R
doi:10.18739/A2KS6J47F,https://search.dataone.org/view/doi:10.18739/A2KS6J47F
doi:10.18739/A2KS6J52G,https://search.dataone.org/view/doi:10.18739/A2KS6J52G
doi:10.18739/A2H00T,https://search.dataone.org/view/doi:10.18739/A2H00T
doi:10.18739/A2H708100,https://search.dataone.org/view/doi:10.18739/A2H708100
doi:10.18739/A2H12V769,https://search.dataone.org/view/doi:10.18739/A2H12V769
doi:10.18739/A2H12V79R,https://search.dataone.org/view/doi:10.18739/A2H12V79R
doi:10.18739/A2H12V80V,https://search.dataone.org/view/doi:10.18739/A2H12V80V
doi:10.18739/A2HM52K5S,https://search.dataone.org/view/doi:10.18739/A2HM52K5S
doi:10.18739/A2HM52K68,https://search.dataone.org/view/doi:10.18739/A2HM52K68
doi:10.18739/A2HH6C58X,https://search.dataone.org/view/doi:10.18739/A2HH6C58X
doi:10.18739/A2HD7NS8N,https://search.dataone.org/view/doi:10.18739/A2HD7NS8N
doi:10.18739/A2HD7NT1Q,https://search.dataone.org/view/doi:10.18739/A2HD7NT1Q
doi:10.18739/A2HP2G,https://search.dataone.org/view/doi:10.18739/A2HP2G
doi:10.18739/A2HX15Q8V,https://search.dataone.org/view/doi:10.18739/A2HX15Q8V
doi:10.18739/A2HX15R5V,https://search.dataone.org/view/doi:10.18739/A2HX15R5V
doi:10.18739/A2HT2GB7H,https://search.dataone.org/view/doi:10.18739/A2HT2GB7H
doi:10.18739/A2HT2GB23,https://search.dataone.org/view/doi:10.18739/A2HT2GB23
doi:10.18739/A2HT2GC2J,https://search.dataone.org/view/doi:10.18739/A2HT2GC2J
doi:10.18739/A2J09W47G,https://search.dataone.org/view/doi:10.18739/A2J09W47G
doi:10.18739/A2J96095Z,https://search.dataone.org/view/doi:10.18739/A2J96095Z
doi:10.18739/A2JM23G70,https://search.dataone.org/view/doi:10.18739/A2JM23G70
doi:10.18739/A2JM23G13,https://search.dataone.org/view/doi:10.18739/A2JM23G13
doi:10.18739/A2JM23H02,https://search.dataone.org/view/doi:10.18739/A2JM23H02
doi:10.18739/A2JD4PQ0G,https://search.dataone.org/view/doi:10.18739/A2JD4PQ0G
doi:10.18739/A2JW86N61,https://search.dataone.org/view/doi:10.18739/A2JW86N61
doi:10.18739/A2JS9H776,https://search.dataone.org/view/doi:10.18739/A2JS9H776
doi:10.18739/A2JS9H85P,https://search.dataone.org/view/doi:10.18739/A2JS9H85P
doi:10.18739/A2K06X08R,https://search.dataone.org/view/doi:10.18739/A2K06X08R
doi:10.18739/A2K931656,https://search.dataone.org/view/doi:10.18739/A2K931656
doi:10.18739/A2K35MF33,https://search.dataone.org/view/doi:10.18739/A2K35MF33
doi:10.18739/A2K649T3Z,https://search.dataone.org/view/doi:10.18739/A2K649T3Z
doi:10.18739/A2N00ZT7S,https://search.dataone.org/view/doi:10.18739/A2N00ZT7S
doi:10.18739/A2N29P63K,https://search.dataone.org/view/doi:10.18739/A2N29P63K
doi:10.18739/A2NC5SD0N,https://search.dataone.org/view/doi:10.18739/A2NC5SD0N
doi:10.18739/A2NC64,https://search.dataone.org/view/doi:10.18739/A2NC64
doi:10.18739/A2NK36556,https://search.dataone.org/view/doi:10.18739/A2NK36556
doi:10.18739/A2NK36518,https://search.dataone.org/view/doi:10.18739/A2NK36518
doi:10.18739/A2NP1WJ9M,https://search.dataone.org/view/doi:10.18739/A2NP1WJ9M
doi:10.18739/A2NP1WJ27,https://search.dataone.org/view/doi:10.18739/A2NP1WJ27
doi:10.18739/A2NS0KX61,https://search.dataone.org/view/doi:10.18739/A2NS0KX61
doi:10.18739/A2NS0KX7H,https://search.dataone.org/view/doi:10.18739/A2NS0KX7H
doi:10.18739/A2NS0KX9G,https://search.dataone.org/view/doi:10.18739/A2NS0KX9G
doi:10.18739/A2NS2R,https://search.dataone.org/view/doi:10.18739/A2NS2R
doi:10.18739/A2NZ80Q43,https://search.dataone.org/view/doi:10.18739/A2NZ80Q43
doi:10.18739/A2NV99B1S,https://search.dataone.org/view/doi:10.18739/A2NV99B1S
doi:10.18739/A2M03XX3M,https://search.dataone.org/view/doi:10.18739/A2M03XX3M
doi:10.18739/A2M90236X,https://search.dataone.org/view/doi:10.18739/A2M90236X
doi:10.18739/A2MG7FW27,https://search.dataone.org/view/doi:10.18739/A2MG7FW27
doi:10.18739/A2MC8RH0D,https://search.dataone.org/view/doi:10.18739/A2MC8RH0D
doi:10.18739/A2MK6585Z,https://search.dataone.org/view/doi:10.18739/A2MK6585Z
doi:10.18739/A2MK6586F,https://search.dataone.org/view/doi:10.18739/A2MK6586F
doi:10.18739/A2MK2C,https://search.dataone.org/view/doi:10.18739/A2MK2C
doi:10.18739/A2MP4VN9C,https://search.dataone.org/view/doi:10.18739/A2MP4VN9C
doi:10.18739/A2MP4VP1Z,https://search.dataone.org/view/doi:10.18739/A2MP4VP1Z
doi:10.18739/A2MS3K17P,https://search.dataone.org/view/doi:10.18739/A2MS3K17P
doi:10.18739/A2MS3K24P,https://search.dataone.org/view/doi:10.18739/A2MS3K24P
doi:10.18739/A2SG51,https://search.dataone.org/view/doi:10.18739/A2SG51
doi:10.18739/A2SJ19R94,https://search.dataone.org/view/doi:10.18739/A2SJ19R94
doi:10.18739/A2SJ19R0S,https://search.dataone.org/view/doi:10.18739/A2SJ19R0S
doi:10.18739/A2SJ19R18,https://search.dataone.org/view/doi:10.18739/A2SJ19R18
doi:10.18739/A2SF2MC4V,https://search.dataone.org/view/doi:10.18739/A2SF2MC4V
doi:10.18739/A2SF2MC1D,https://search.dataone.org/view/doi:10.18739/A2SF2MC1D
doi:10.18739/A2SX6499X,https://search.dataone.org/view/doi:10.18739/A2SX6499X
doi:10.18739/A2ST7DX28,https://search.dataone.org/view/doi:10.18739/A2ST7DX28
doi:10.18739/A2P843W6F,https://search.dataone.org/view/doi:10.18739/A2P843W6F
doi:10.18739/A2P843W9W,https://search.dataone.org/view/doi:10.18739/A2P843W9W
doi:10.18739/A2P26Q39Q,https://search.dataone.org/view/doi:10.18739/A2P26Q39Q
doi:10.18739/A2PN8XG1W,https://search.dataone.org/view/doi:10.18739/A2PN8XG1W
doi:10.18739/A2PC2T85V,https://search.dataone.org/view/doi:10.18739/A2PC2T85V
doi:10.18739/A2PC2T81X,https://search.dataone.org/view/doi:10.18739/A2PC2T81X
doi:10.18739/A2PC2T94T,https://search.dataone.org/view/doi:10.18739/A2PC2T94T
doi:10.18739/A2PC2T92V,https://search.dataone.org/view/doi:10.18739/A2PC2T92V
doi:10.18739/A2PZ51M88,https://search.dataone.org/view/doi:10.18739/A2PZ51M88
doi:10.18739/A2R785Q1D,https://search.dataone.org/view/doi:10.18739/A2R785Q1D
doi:10.18739/A2R20RW9S,https://search.dataone.org/view/doi:10.18739/A2R20RW9S
doi:10.18739/A2R49G89H,https://search.dataone.org/view/doi:10.18739/A2R49G89H
doi:10.18739/A2R49G94J,https://search.dataone.org/view/doi:10.18739/A2R49G94J
doi:10.18739/A2RG4B,https://search.dataone.org/view/doi:10.18739/A2RG4B
doi:10.18739/A2RB6W29Q,https://search.dataone.org/view/doi:10.18739/A2RB6W29Q
doi:10.18739/A2RF5KG34,https://search.dataone.org/view/doi:10.18739/A2RF5KG34
doi:10.18739/A2RX93D9P,https://search.dataone.org/view/doi:10.18739/A2RX93D9P
doi:10.18739/A2Q814S0S,https://search.dataone.org/view/doi:10.18739/A2Q814S0S
doi:10.18739/A2Q23R08G,https://search.dataone.org/view/doi:10.18739/A2Q23R08G
doi:10.18739/A2Q52FD4V,https://search.dataone.org/view/doi:10.18739/A2Q52FD4V
doi:10.18739/A2QN5ZC14,https://search.dataone.org/view/doi:10.18739/A2QN5ZC14
doi:10.18739/A2QB9V612,https://search.dataone.org/view/doi:10.18739/A2QB9V612
doi:10.18739/A2QB9V62J,https://search.dataone.org/view/doi:10.18739/A2QB9V62J
doi:10.18739/A2QJ77Z1S,https://search.dataone.org/view/doi:10.18739/A2QJ77Z1S
doi:10.18739/A2QF8JK3W,https://search.dataone.org/view/doi:10.18739/A2QF8JK3W
doi:10.18739/A2QR9P,https://search.dataone.org/view/doi:10.18739/A2QR9P
doi:10.18739/A2S756K73,https://search.dataone.org/view/doi:10.18739/A2S756K73
doi:10.18739/A2S17SS1M,https://search.dataone.org/view/doi:10.18739/A2S17SS1M
doi:10.18739/A2S46H658,https://search.dataone.org/view/doi:10.18739/A2S46H658
doi:10.18739/A2WH2DF1F,https://search.dataone.org/view/doi:10.18739/A2WH2DF1F
doi:10.18739/A2WP9T74J,https://search.dataone.org/view/doi:10.18739/A2WP9T74J
doi:10.18739/A2WP9T732,https://search.dataone.org/view/doi:10.18739/A2WP9T732
doi:10.18739/A2WW77093,https://search.dataone.org/view/doi:10.18739/A2WW77093
doi:10.18739/A2T727G6V,https://search.dataone.org/view/doi:10.18739/A2T727G6V
doi:10.18739/A2T43J290,https://search.dataone.org/view/doi:10.18739/A2T43J290
doi:10.18739/A2T43J360,https://search.dataone.org/view/doi:10.18739/A2T43J360
doi:10.18739/A2TM72225,https://search.dataone.org/view/doi:10.18739/A2TM72225
doi:10.18739/A2TM2K,https://search.dataone.org/view/doi:10.18739/A2TM2K
doi:10.18739/A2TH8BN8B,https://search.dataone.org/view/doi:10.18739/A2TH8BN8B
doi:10.18739/A2TB0XV89,https://search.dataone.org/view/doi:10.18739/A2TB0XV89
doi:10.18739/A2TD9N851,https://search.dataone.org/view/doi:10.18739/A2TD9N851
doi:10.18739/A2TD9N813,https://search.dataone.org/view/doi:10.18739/A2TD9N813
doi:10.18739/A2TQ5RF2N,https://search.dataone.org/view/doi:10.18739/A2TQ5RF2N
doi:10.18739/A2TX3568P,https://search.dataone.org/view/doi:10.18739/A2TX3568P
doi:10.18739/A2TT4FT4G,https://search.dataone.org/view/doi:10.18739/A2TT4FT4G
doi:10.18739/A2V40JZ6C,https://search.dataone.org/view/doi:10.18739/A2V40JZ6C
doi:10.18739/A2V40K048,https://search.dataone.org/view/doi:10.18739/A2V40K048
doi:10.18739/A2V698C6J,https://search.dataone.org/view/doi:10.18739/A2V698C6J
doi:10.18739/A2V698C90,https://search.dataone.org/view/doi:10.18739/A2V698C90
doi:10.18739/A2VD6P488,https://search.dataone.org/view/doi:10.18739/A2VD6P488
doi:10.18739/A2VD6P54S,https://search.dataone.org/view/doi:10.18739/A2VD6P54S
doi:10.18739/A2VD6P558,https://search.dataone.org/view/doi:10.18739/A2VD6P558
doi:10.18739/A2VQ2S99T,https://search.dataone.org/view/doi:10.18739/A2VQ2S99T
doi:10.18739/A2VX0639D,https://search.dataone.org/view/doi:10.18739/A2VX0639D
doi:10.18739/A2VX0633H,https://search.dataone.org/view/doi:10.18739/A2VX0633H
doi:10.18739/A2W08WG7P,https://search.dataone.org/view/doi:10.18739/A2W08WG7P
doi:10.18739/A2W08WH17,https://search.dataone.org/view/doi:10.18739/A2W08WH17
doi:10.18739/A2W28Z,https://search.dataone.org/view/doi:10.18739/A2W28Z
doi:10.18739/A2W37KW4J,https://search.dataone.org/view/doi:10.18739/A2W37KW4J
doi:10.18739/A2W37KW2K,https://search.dataone.org/view/doi:10.18739/A2W37KW2K
doi:10.18739/A2W66988R,https://search.dataone.org/view/doi:10.18739/A2W66988R
doi:10.18739/A2X05XD00,https://search.dataone.org/view/doi:10.18739/A2X05XD00
doi:10.18739/A2X589,https://search.dataone.org/view/doi:10.18739/A2X589
doi:10.18739/A2X63B59G,https://search.dataone.org/view/doi:10.18739/A2X63B59G
doi:10.18739/A2XG9FB90,https://search.dataone.org/view/doi:10.18739/A2XG9FB90
doi:10.18739/A2XK84Q8C,https://search.dataone.org/view/doi:10.18739/A2XK84Q8C
doi:10.18739/A2XW47W31,https://search.dataone.org/view/doi:10.18739/A2XW47W31
doi:10.18739/A2XW47X01,https://search.dataone.org/view/doi:10.18739/A2XW47X01
doi:10.18739/A2XS5JH8K,https://search.dataone.org/view/doi:10.18739/A2XS5JH8K
doi:10.18739/A2XS5JH16,https://search.dataone.org/view/doi:10.18739/A2XS5JH16
doi:10.18739/A2Z02Z80S,https://search.dataone.org/view/doi:10.18739/A2Z02Z80S
doi:10.18739/A2ZG6G72V,https://search.dataone.org/view/doi:10.18739/A2ZG6G72V
doi:10.18739/A2ZC7RV13,https://search.dataone.org/view/doi:10.18739/A2ZC7RV13
doi:10.18739/A2ZK55M4P,https://search.dataone.org/view/doi:10.18739/A2ZK55M4P
doi:10.18739/A2ZK55M74,https://search.dataone.org/view/doi:10.18739/A2ZK55M74
doi:10.18739/A2ZP3W13J,https://search.dataone.org/view/doi:10.18739/A2ZP3W13J
doi:10.18739/A2ZW18S76,https://search.dataone.org/view/doi:10.18739/A2ZW18S76
doi:10.18739/A2ZS2KC8C,https://search.dataone.org/view/doi:10.18739/A2ZS2KC8C
doi:10.18739/A2ZS2KD0Z,https://search.dataone.org/view/doi:10.18739/A2ZS2KD0Z
doi:10.18739/A2DF6K36X,https://search.dataone.org/view/doi:10.18739/A2DF6K36X
doi:10.18739/A2251FK3B,https://search.dataone.org/view/doi:10.18739/A2251FK3B
doi:10.18739/A28K74X6T,https://search.dataone.org/view/doi:10.18739/A28K74X6T
doi:10.18739/A2CJ87K8H,https://search.dataone.org/view/doi:10.18739/A2CJ87K8H
doi:10.18739/A2BK16Q5T,https://search.dataone.org/view/doi:10.18739/A2BK16Q5T
doi:10.18739/A2GB1XH9K,https://search.dataone.org/view/doi:10.18739/A2GB1XH9K
doi:10.18739/A2M32NB3B,https://search.dataone.org/view/doi:10.18739/A2M32NB3B
doi:10.18739/A2P843X00,https://search.dataone.org/view/doi:10.18739/A2P843X00
doi:10.18739/A2QV3C48N,https://search.dataone.org/view/doi:10.18739/A2QV3C48N
urn:uuid:03605990-ab2e-4f45-ad74-9a9a8aadcf58,https://search.dataone.org/view/urn:uuid:03605990-ab2e-4f45-ad74-9a9a8aadcf58
urn:uuid:18e0ba78-9c6b-4e1a-b102-4cb041f71248,https://search.dataone.org/view/urn:uuid:18e0ba78-9c6b-4e1a-b102-4cb041f71248
urn:uuid:399d4023-325a-4308-93aa-f232f8cb1d54,https://search.dataone.org/view/urn:uuid:399d4023-325a-4308-93aa-f232f8cb1d54
urn:uuid:7c42aa47-679d-4224-8feb-4fbaa8016369,https://search.dataone.org/view/urn:uuid:7c42aa47-679d-4224-8feb-4fbaa8016369
urn:uuid:4a48d82c-5484-442f-85a7-8893a3231ae2,https://search.dataone.org/view/urn:uuid:4a48d82c-5484-442f-85a7-8893a3231ae2
urn:uuid:4fb15af1-5077-400e-a0e7-e52366d8b6f7,https://search.dataone.org/view/urn:uuid:4fb15af1-5077-400e-a0e7-e52366d8b6f7
urn:uuid:57894fad-9a1b-43b1-9255-d413b2b3f0b5,https://search.dataone.org/view/urn:uuid:57894fad-9a1b-43b1-9255-d413b2b3f0b5
urn:uuid:5eaf5f6a-6d70-4b6c-8efc-c7b689485d0d,https://search.dataone.org/view/urn:uuid:5eaf5f6a-6d70-4b6c-8efc-c7b689485d0d
urn:uuid:9a4061c3-975e-4a03-bb2c-c5b6ab5b949b,https://search.dataone.org/view/urn:uuid:9a4061c3-975e-4a03-bb2c-c5b6ab5b949b
urn:uuid:b7d3ec59-a575-449b-a134-e997590ffd62,https://search.dataone.org/view/urn:uuid:b7d3ec59-a575-449b-a134-e997590ffd62
urn:uuid:e91aa052-45e0-43a3-a199-4bbafbd992e5,https://search.dataone.org/view/urn:uuid:e91aa052-45e0-43a3-a199-4bbafbd992e5
doi:10.18739/A23B5W84Q,https://search.dataone.org/view/doi:10.18739/A23B5W84Q
doi:10.18739/A23F4KM7K,https://search.dataone.org/view/doi:10.18739/A23F4KM7K
doi:10.18739/A23X83M6N,https://search.dataone.org/view/doi:10.18739/A23X83M6N
doi:10.18739/A23R0PT4N,https://search.dataone.org/view/doi:10.18739/A23R0PT4N
doi:10.18739/A23T9D67T,https://search.dataone.org/view/doi:10.18739/A23T9D67T
doi:10.18739/A23T9D62D,https://search.dataone.org/view/doi:10.18739/A23T9D62D
doi:10.18739/A2028PD5Z,https://search.dataone.org/view/doi:10.18739/A2028PD5Z
doi:10.18739/A2057CT2T,https://search.dataone.org/view/doi:10.18739/A2057CT2T
doi:10.18739/A20R9M41W,https://search.dataone.org/view/doi:10.18739/A20R9M41W
doi:10.18739/A22N4ZH5K,https://search.dataone.org/view/doi:10.18739/A22N4ZH5K
doi:10.18739/A22Z12Q6Z,https://search.dataone.org/view/doi:10.18739/A22Z12Q6Z
doi:10.18739/A2154DQ1K,https://search.dataone.org/view/doi:10.18739/A2154DQ1K
doi:10.18739/A21G0HW05,https://search.dataone.org/view/doi:10.18739/A21G0HW05
doi:10.18739/A21J9781C,https://search.dataone.org/view/doi:10.18739/A21J9781C
doi:10.18739/A21V5BD6D,https://search.dataone.org/view/doi:10.18739/A21V5BD6D
doi:10.18739/A27H1DN0C,https://search.dataone.org/view/doi:10.18739/A27H1DN0C
doi:10.18739/A27D2Q740,https://search.dataone.org/view/doi:10.18739/A27D2Q740
doi:10.18739/A27P8TD4H,https://search.dataone.org/view/doi:10.18739/A27P8TD4H
doi:10.18739/A27P8TF01,https://search.dataone.org/view/doi:10.18739/A27P8TF01
doi:10.18739/A2639K56N,https://search.dataone.org/view/doi:10.18739/A2639K56N
doi:10.18739/A26M3342C,https://search.dataone.org/view/doi:10.18739/A26M3342C
doi:10.18739/A26H4CQ8J,https://search.dataone.org/view/doi:10.18739/A26H4CQ8J
doi:10.18739/A26P32,https://search.dataone.org/view/doi:10.18739/A26P32
doi:10.18739/A26Q1SJ0B,https://search.dataone.org/view/doi:10.18739/A26Q1SJ0B
doi:10.18739/A25717P49,https://search.dataone.org/view/doi:10.18739/A25717P49
doi:10.18739/A2599Z216,https://search.dataone.org/view/doi:10.18739/A2599Z216
doi:10.18739/A2542J86Z,https://search.dataone.org/view/doi:10.18739/A2542J86Z
doi:10.18739/A25M62705,https://search.dataone.org/view/doi:10.18739/A25M62705
doi:10.18739/A25M62692,https://search.dataone.org/view/doi:10.18739/A25M62692
doi:10.18739/A2707WP54,https://search.dataone.org/view/doi:10.18739/A2707WP54
doi:10.18739/A28W3830D,https://search.dataone.org/view/doi:10.18739/A28W3830D
doi:10.18739/A28W3833V,https://search.dataone.org/view/doi:10.18739/A28W3833V
doi:10.18739/A2901ZG82,https://search.dataone.org/view/doi:10.18739/A2901ZG82
doi:10.18739/A2930NW0H,https://search.dataone.org/view/doi:10.18739/A2930NW0H
doi:10.18739/A2930NV02,https://search.dataone.org/view/doi:10.18739/A2930NV02
doi:10.18739/A29C6S14X,https://search.dataone.org/view/doi:10.18739/A29C6S14X
doi:10.18739/A2CC0TT7F,https://search.dataone.org/view/doi:10.18739/A2CC0TT7F
doi:10.18739/A2CF9J73P,https://search.dataone.org/view/doi:10.18739/A2CF9J73P
doi:10.18739/A2CR5ND28,https://search.dataone.org/view/doi:10.18739/A2CR5ND28
doi:10.18739/A2B853J3S,https://search.dataone.org/view/doi:10.18739/A2B853J3S
doi:10.18739/A2BG2HB4G,https://search.dataone.org/view/doi:10.18739/A2BG2HB4G
doi:10.18739/A2BK16Q4B,https://search.dataone.org/view/doi:10.18739/A2BK16Q4B
doi:10.18739/A2BR8MG9Z,https://search.dataone.org/view/doi:10.18739/A2BR8MG9Z
doi:10.18739/A2C824F31,https://search.dataone.org/view/doi:10.18739/A2C824F31
doi:10.18739/A2GH9B946,https://search.dataone.org/view/doi:10.18739/A2GH9B946
doi:10.18739/A2D79598P,https://search.dataone.org/view/doi:10.18739/A2D79598P
doi:10.18739/A2D795B84,https://search.dataone.org/view/doi:10.18739/A2D795B84
doi:10.18739/A2D21RH94,https://search.dataone.org/view/doi:10.18739/A2D21RH94
doi:10.18739/A2DN3ZW57,https://search.dataone.org/view/doi:10.18739/A2DN3ZW57
doi:10.18739/A2DN3ZW76,https://search.dataone.org/view/doi:10.18739/A2DN3ZW76
doi:10.18739/A2DN3ZW95,https://search.dataone.org/view/doi:10.18739/A2DN3ZW95
doi:10.18739/A2F76670H,https://search.dataone.org/view/doi:10.18739/A2F76670H
doi:10.18739/A2F47GT8N,https://search.dataone.org/view/doi:10.18739/A2F47GT8N
doi:10.18739/A2FB4WM3F,https://search.dataone.org/view/doi:10.18739/A2FB4WM3F
doi:10.18739/A2FJ29C5J,https://search.dataone.org/view/doi:10.18739/A2FJ29C5J
doi:10.18739/A2FJ29D4H,https://search.dataone.org/view/doi:10.18739/A2FJ29D4H
doi:10.18739/A2G737474,https://search.dataone.org/view/doi:10.18739/A2G737474
doi:10.18739/A2KW57K0T,https://search.dataone.org/view/doi:10.18739/A2KW57K0T
doi:10.18739/A2KS6J50H,https://search.dataone.org/view/doi:10.18739/A2KS6J50H
doi:10.18739/A2H41JM84,https://search.dataone.org/view/doi:10.18739/A2H41JM84
doi:10.18739/A2H41JN54,https://search.dataone.org/view/doi:10.18739/A2H41JN54
doi:10.18739/A2HD7NT45,https://search.dataone.org/view/doi:10.18739/A2HD7NT45
doi:10.18739/A2HT2GB80,https://search.dataone.org/view/doi:10.18739/A2HT2GB80
doi:10.18739/A2J38KJ1W,https://search.dataone.org/view/doi:10.18739/A2J38KJ1W
doi:10.18739/A2JD4PQ2F,https://search.dataone.org/view/doi:10.18739/A2JD4PQ2F
doi:10.18739/A2JW86N3K,https://search.dataone.org/view/doi:10.18739/A2JW86N3K
doi:10.18739/A2JQ0SV9F,https://search.dataone.org/view/doi:10.18739/A2JQ0SV9F
doi:10.18739/A2K931694,https://search.dataone.org/view/doi:10.18739/A2K931694
doi:10.18739/A2K35MD44,https://search.dataone.org/view/doi:10.18739/A2K35MD44
doi:10.18739/A2K35MD7K,https://search.dataone.org/view/doi:10.18739/A2K35MD7K
doi:10.18739/A2K649S9D,https://search.dataone.org/view/doi:10.18739/A2K649S9D
doi:10.18739/A2N873054,https://search.dataone.org/view/doi:10.18739/A2N873054
doi:10.18739/A2NC5SB93,https://search.dataone.org/view/doi:10.18739/A2NC5SB93
doi:10.18739/A2NC5SD33,https://search.dataone.org/view/doi:10.18739/A2NC5SD33
doi:10.18739/A2M32NB2V,https://search.dataone.org/view/doi:10.18739/A2M32NB2V
doi:10.18739/A2MW28F8G,https://search.dataone.org/view/doi:10.18739/A2MW28F8G
doi:10.18739/A2SB3WZ63,https://search.dataone.org/view/doi:10.18739/A2SB3WZ63
doi:10.18739/A2SX6487H,https://search.dataone.org/view/doi:10.18739/A2SX6487H
doi:10.18739/A2SX64B01,https://search.dataone.org/view/doi:10.18739/A2SX64B01
doi:10.18739/A2P843W5Z,https://search.dataone.org/view/doi:10.18739/A2P843W5Z
doi:10.18739/A2PN8XF7B,https://search.dataone.org/view/doi:10.18739/A2PN8XF7B
doi:10.18739/A2PV6B711,https://search.dataone.org/view/doi:10.18739/A2PV6B711
doi:10.18739/A2PV6B67G,https://search.dataone.org/view/doi:10.18739/A2PV6B67G
doi:10.18739/A2RN30827,https://search.dataone.org/view/doi:10.18739/A2RN30827
doi:10.18739/A2RF5KG0P,https://search.dataone.org/view/doi:10.18739/A2RF5KG0P
doi:10.18739/A2RX93F18,https://search.dataone.org/view/doi:10.18739/A2RX93F18
doi:10.18739/A2RV0D050,https://search.dataone.org/view/doi:10.18739/A2RV0D050
doi:10.18739/A2Q23R13H,https://search.dataone.org/view/doi:10.18739/A2Q23R13H
doi:10.18739/A2Q52FD6T,https://search.dataone.org/view/doi:10.18739/A2Q52FD6T
doi:10.18739/A2QN5ZC33,https://search.dataone.org/view/doi:10.18739/A2QN5ZC33
doi:10.18739/A2QV3C475,https://search.dataone.org/view/doi:10.18739/A2QV3C475
doi:10.18739/A2WD3Q260,https://search.dataone.org/view/doi:10.18739/A2WD3Q260
doi:10.18739/A2WP9T751,https://search.dataone.org/view/doi:10.18739/A2WP9T751
doi:10.18739/A2T14TP7R,https://search.dataone.org/view/doi:10.18739/A2T14TP7R
doi:10.18739/A2T14TQ0T,https://search.dataone.org/view/doi:10.18739/A2T14TQ0T
doi:10.18739/A2TH8BM9C,https://search.dataone.org/view/doi:10.18739/A2TH8BM9C
doi:10.18739/A2TD9N870,https://search.dataone.org/view/doi:10.18739/A2TD9N870
doi:10.18739/A2TD9N80M,https://search.dataone.org/view/doi:10.18739/A2TD9N80M
doi:10.18739/A2TP3N,https://search.dataone.org/view/doi:10.18739/A2TP3N
doi:10.18739/A2TX35587,https://search.dataone.org/view/doi:10.18739/A2TX35587
doi:10.18739/A2TT4FT7X,https://search.dataone.org/view/doi:10.18739/A2TT4FT7X
doi:10.18739/A2VD6P577,https://search.dataone.org/view/doi:10.18739/A2VD6P577
doi:10.18739/A2X34MS1B,https://search.dataone.org/view/doi:10.18739/A2X34MS1B
doi:10.18739/A2X63B55J,https://search.dataone.org/view/doi:10.18739/A2X63B55J
doi:10.18739/A2XD0QX2F,https://search.dataone.org/view/doi:10.18739/A2XD0QX2F
doi:10.18739/A2XP6V44S,https://search.dataone.org/view/doi:10.18739/A2XP6V44S
doi:10.18739/A2XW47W12,https://search.dataone.org/view/doi:10.18739/A2XW47W12
doi:10.18739/A2XS5JG5P,https://search.dataone.org/view/doi:10.18739/A2XS5JG5P
doi:10.18739/A2XS5JH54,https://search.dataone.org/view/doi:10.18739/A2XS5JH54
doi:10.18739/A2Z31NP22,https://search.dataone.org/view/doi:10.18739/A2Z31NP22
doi:10.18739/A2Z60C249,https://search.dataone.org/view/doi:10.18739/A2Z60C249
doi:10.18739/A2Z60C319,https://search.dataone.org/view/doi:10.18739/A2Z60C319
doi:10.18739/A2ZC7RV6H,https://search.dataone.org/view/doi:10.18739/A2ZC7RV6H
doi:10.18739/A2ZK55N06,https://search.dataone.org/view/doi:10.18739/A2ZK55N06
doi:10.18739/A2ZP3W02M,https://search.dataone.org/view/doi:10.18739/A2ZP3W02M
doi:10.18739/A24T6F41M,https://search.dataone.org/view/doi:10.18739/A24T6F41M
doi:10.18739/A25Q4RM6J,https://search.dataone.org/view/doi:10.18739/A25Q4RM6J
doi:10.18739/A2RF5KF5N,https://search.dataone.org/view/doi:10.18739/A2RF5KF5N
urn:uuid:0b548a56-aff5-48c6-ae8d-0bc94d954ed1,https://search.dataone.org/view/urn:uuid:0b548a56-aff5-48c6-ae8d-0bc94d954ed1
doi:10.18739/A20P0WR72,https://search.dataone.org/view/doi:10.18739/A20P0WR72
doi:10.18739/A22J6846K,https://search.dataone.org/view/doi:10.18739/A22J6846K
doi:10.18739/A2348GG12,https://search.dataone.org/view/doi:10.18739/A2348GG12
doi:10.18739/A2862BC5Z,https://search.dataone.org/view/doi:10.18739/A2862BC5Z
doi:10.18739/A29C6S13F,https://search.dataone.org/view/doi:10.18739/A29C6S13F
doi:10.18739/A29P2W61J,https://search.dataone.org/view/doi:10.18739/A29P2W61J
doi:10.18739/A2BZ6178M,https://search.dataone.org/view/doi:10.18739/A2BZ6178M
doi:10.18739/A2BZ61825,https://search.dataone.org/view/doi:10.18739/A2BZ61825
doi:10.18739/A2C824D80,https://search.dataone.org/view/doi:10.18739/A2C824D80
doi:10.18739/A2GQ6R21H,https://search.dataone.org/view/doi:10.18739/A2GQ6R21H
doi:10.18739/A2DB7VQ74,https://search.dataone.org/view/doi:10.18739/A2DB7VQ74
doi:10.18739/A2F47GT75,https://search.dataone.org/view/doi:10.18739/A2F47GT75
doi:10.18739/A2FF3M05P,https://search.dataone.org/view/doi:10.18739/A2FF3M05P
doi:10.18739/A2FQ9Q52R,https://search.dataone.org/view/doi:10.18739/A2FQ9Q52R
doi:10.18739/A2FX73Z7B,https://search.dataone.org/view/doi:10.18739/A2FX73Z7B
doi:10.18739/A2KH0DZ5J,https://search.dataone.org/view/doi:10.18739/A2KH0DZ5J
doi:10.18739/A2MG7FW84,https://search.dataone.org/view/doi:10.18739/A2MG7FW84
doi:10.18739/A2WD3Q23J,https://search.dataone.org/view/doi:10.18739/A2WD3Q23J
doi:10.18739/A2V11VK4J,https://search.dataone.org/view/doi:10.18739/A2V11VK4J
doi:10.18739/A2VQ2SB5B,https://search.dataone.org/view/doi:10.18739/A2VQ2SB5B
doi:10.18739/A2VX0642G,https://search.dataone.org/view/doi:10.18739/A2VX0642G
doi:10.18739/A2X921K1X,https://search.dataone.org/view/doi:10.18739/A2X921K1X
doi:10.18739/A20000151,https://search.dataone.org/view/doi:10.18739/A20000151
doi:10.18739/A23N20D56,https://search.dataone.org/view/doi:10.18739/A23N20D56
doi:10.18739/A2058X,https://search.dataone.org/view/doi:10.18739/A2058X
doi:10.18739/A22Z9V,https://search.dataone.org/view/doi:10.18739/A22Z9V
doi:10.18739/A27D2Q702,https://search.dataone.org/view/doi:10.18739/A27D2Q702
doi:10.18739/A2429H,https://search.dataone.org/view/doi:10.18739/A2429H
doi:10.18739/A26W00,https://search.dataone.org/view/doi:10.18739/A26W00
doi:10.18739/A2CF9J637,https://search.dataone.org/view/doi:10.18739/A2CF9J637
doi:10.18739/A2BP39,https://search.dataone.org/view/doi:10.18739/A2BP39
doi:10.18739/A2C53F146,https://search.dataone.org/view/doi:10.18739/A2C53F146
doi:10.18739/A2GK4W,https://search.dataone.org/view/doi:10.18739/A2GK4W
doi:10.18739/A2DZ0322N,https://search.dataone.org/view/doi:10.18739/A2DZ0322N
doi:10.18739/A2G44HR3X,https://search.dataone.org/view/doi:10.18739/A2G44HR3X
doi:10.18739/A2K586,https://search.dataone.org/view/doi:10.18739/A2K586
doi:10.18739/A2M28G,https://search.dataone.org/view/doi:10.18739/A2M28G
doi:10.18739/A2ST7DX5Q,https://search.dataone.org/view/doi:10.18739/A2ST7DX5Q
doi:10.18739/A2PG1HN9N,https://search.dataone.org/view/doi:10.18739/A2PG1HN9N
doi:10.18739/A2PK4R,https://search.dataone.org/view/doi:10.18739/A2PK4R
doi:10.18739/A2R20RW3W,https://search.dataone.org/view/doi:10.18739/A2R20RW3W
doi:10.18739/A2QK3P,https://search.dataone.org/view/doi:10.18739/A2QK3P
doi:10.18739/A2T86N,https://search.dataone.org/view/doi:10.18739/A2T86N
doi:10.18739/A2ZG5K,https://search.dataone.org/view/doi:10.18739/A2ZG5K
doi:10.18739/A2ZW18S0T,https://search.dataone.org/view/doi:10.18739/A2ZW18S0T
doi:10.18739/A2222R58F,https://search.dataone.org/view/doi:10.18739/A2222R58F
doi:10.18739/A26D5PB4R,https://search.dataone.org/view/doi:10.18739/A26D5PB4R
doi:10.18739/A25Q4RM0N,https://search.dataone.org/view/doi:10.18739/A25Q4RM0N
doi:10.18739/A2833N00P,https://search.dataone.org/view/doi:10.18739/A2833N00P
doi:10.18739/A2CC0TT40,https://search.dataone.org/view/doi:10.18739/A2CC0TT40
doi:10.18739/A2CF9J66P,https://search.dataone.org/view/doi:10.18739/A2CF9J66P
doi:10.18739/A2CV4BS43,https://search.dataone.org/view/doi:10.18739/A2CV4BS43
doi:10.18739/A2HM52K87,https://search.dataone.org/view/doi:10.18739/A2HM52K87
doi:10.18739/A2N58CM7T,https://search.dataone.org/view/doi:10.18739/A2N58CM7T
doi:10.18739/A2MP4VN5F,https://search.dataone.org/view/doi:10.18739/A2MP4VN5F
doi:10.18739/A2X921J4X,https://search.dataone.org/view/doi:10.18739/A2X921J4X
doi:10.18739/A2DR2P88Z,https://search.dataone.org/view/doi:10.18739/A2DR2P88Z
doi:10.18739/A2X921K3W,https://search.dataone.org/view/doi:10.18739/A2X921K3W
doi:10.18739/A22J68504,https://search.dataone.org/view/doi:10.18739/A22J68504
doi:10.18739/A20G3GZ7V,https://search.dataone.org/view/doi:10.18739/A20G3GZ7V
doi:10.18739/A22Z12P9Z,https://search.dataone.org/view/doi:10.18739/A22Z12P9Z
doi:10.18739/A20V89H7N,https://search.dataone.org/view/doi:10.18739/A20V89H7N
doi:10.18739/A22664,https://search.dataone.org/view/doi:10.18739/A22664
doi:10.18739/A21V5BF0Z,https://search.dataone.org/view/doi:10.18739/A21V5BF0Z
doi:10.18739/A2396G,https://search.dataone.org/view/doi:10.18739/A2396G
doi:10.18739/A27W9Q,https://search.dataone.org/view/doi:10.18739/A27W9Q
doi:10.18739/A24674,https://search.dataone.org/view/doi:10.18739/A24674
doi:10.18739/A24M91B2W,https://search.dataone.org/view/doi:10.18739/A24M91B2W
doi:10.18739/A29W9B,https://search.dataone.org/view/doi:10.18739/A29W9B
doi:10.18739/A2CQ2K,https://search.dataone.org/view/doi:10.18739/A2CQ2K
doi:10.18739/A2BT1X,https://search.dataone.org/view/doi:10.18739/A2BT1X
doi:10.18739/A2GM3V,https://search.dataone.org/view/doi:10.18739/A2GM3V
doi:10.18739/A2GX44V3N,https://search.dataone.org/view/doi:10.18739/A2GX44V3N
doi:10.18739/A2FM25,https://search.dataone.org/view/doi:10.18739/A2FM25
doi:10.18739/A2KD43,https://search.dataone.org/view/doi:10.18739/A2KD43
doi:10.18739/A2VQ2X,https://search.dataone.org/view/doi:10.18739/A2VQ2X
doi:10.18739/A2ZM2T,https://search.dataone.org/view/doi:10.18739/A2ZM2T
urn:uuid:d5243503-9ffe-42e8-b5b1-330edc000cdd,https://search.dataone.org/view/urn:uuid:d5243503-9ffe-42e8-b5b1-330edc000cdd
doi:10.18739/A21G0HV2P,https://search.dataone.org/view/doi:10.18739/A21G0HV2P
doi:10.18739/A2CN6Z10F,https://search.dataone.org/view/doi:10.18739/A2CN6Z10F
urn:uuid:3c55fe83-77a8-4631-8f03-62f49eced59d,https://search.dataone.org/view/urn:uuid:3c55fe83-77a8-4631-8f03-62f49eced59d
doi:10.18739/A29W09014,https://search.dataone.org/view/doi:10.18739/A29W09014
doi:10.18739/A2F18SF5B,https://search.dataone.org/view/doi:10.18739/A2F18SF5B
doi:10.18739/A2G15TB62,https://search.dataone.org/view/doi:10.18739/A2G15TB62
doi:10.18739/A2KP7TS1Q,https://search.dataone.org/view/doi:10.18739/A2KP7TS1Q
doi:10.18739/A2H12V77S,https://search.dataone.org/view/doi:10.18739/A2H12V77S
doi:10.18739/A2NC5SD2M,https://search.dataone.org/view/doi:10.18739/A2NC5SD2M
doi:10.18739/A2PC2T79B,https://search.dataone.org/view/doi:10.18739/A2PC2T79B
doi:10.18739/A2PK0723G,https://search.dataone.org/view/doi:10.18739/A2PK0723G
doi:10.18739/A2QJ77Z5Q,https://search.dataone.org/view/doi:10.18739/A2QJ77Z5Q
doi:10.18739/A2QF8JK5V,https://search.dataone.org/view/doi:10.18739/A2QF8JK5V
doi:10.18739/A2X921J5D,https://search.dataone.org/view/doi:10.18739/A2X921J5D
doi:10.18739/A29K45S2P,https://search.dataone.org/view/doi:10.18739/A29K45S2P
doi:10.18739/A2S46H68Q,https://search.dataone.org/view/doi:10.18739/A2S46H68Q
doi:10.18739/A29S1KK98,https://search.dataone.org/view/doi:10.18739/A29S1KK98
doi:10.18739/A2N873105,https://search.dataone.org/view/doi:10.18739/A2N873105
doi:10.18739/A2P55DH2N,https://search.dataone.org/view/doi:10.18739/A2P55DH2N
doi:10.18739/A2Q814S37,https://search.dataone.org/view/doi:10.18739/A2Q814S37
doi:10.18739/A2V11VK6H,https://search.dataone.org/view/doi:10.18739/A2V11VK6H
doi:10.18739/A25X25C75,https://search.dataone.org/view/doi:10.18739/A25X25C75
doi:10.18739/A20V89H5P,https://search.dataone.org/view/doi:10.18739/A20V89H5P
doi:10.18739/A20863604,https://search.dataone.org/view/doi:10.18739/A20863604
doi:10.18739/A2183432B,https://search.dataone.org/view/doi:10.18739/A2183432B
doi:10.18739/A27S7HS9S,https://search.dataone.org/view/doi:10.18739/A27S7HS9S
doi:10.18739/A2416T05C,https://search.dataone.org/view/doi:10.18739/A2416T05C
doi:10.18739/A2513TW6P,https://search.dataone.org/view/doi:10.18739/A2513TW6P
doi:10.18739/A28S4JQ04,https://search.dataone.org/view/doi:10.18739/A28S4JQ04
doi:10.18739/A2CJ87M3J,https://search.dataone.org/view/doi:10.18739/A2CJ87M3J
doi:10.18739/A2GB1XH7M,https://search.dataone.org/view/doi:10.18739/A2GB1XH7M
doi:10.18739/A2FB4WM7C,https://search.dataone.org/view/doi:10.18739/A2FB4WM7C
doi:10.18739/A2H98ZD6T,https://search.dataone.org/view/doi:10.18739/A2H98ZD6T
doi:10.18739/A2K35MF14,https://search.dataone.org/view/doi:10.18739/A2K35MF14
doi:10.18739/A2N00ZT88,https://search.dataone.org/view/doi:10.18739/A2N00ZT88
doi:10.18739/A2M32NB0W,https://search.dataone.org/view/doi:10.18739/A2M32NB0W
doi:10.18739/A2PV6B74G,https://search.dataone.org/view/doi:10.18739/A2PV6B74G
doi:10.18739/A2RR1PN17,https://search.dataone.org/view/doi:10.18739/A2RR1PN17
doi:10.18739/A2QR4NR2G,https://search.dataone.org/view/doi:10.18739/A2QR4NR2G
doi:10.18739/A2WH2DF6V,https://search.dataone.org/view/doi:10.18739/A2WH2DF6V
doi:10.18739/A2TH8BN6C,https://search.dataone.org/view/doi:10.18739/A2TH8BN6C
doi:10.18739/A2VH5CJ54,https://search.dataone.org/view/doi:10.18739/A2VH5CJ54
doi:10.18739/A2Z892F91,https://search.dataone.org/view/doi:10.18739/A2Z892F91
doi:10.18739/A2QB9V561,https://search.dataone.org/view/doi:10.18739/A2QB9V561
doi:10.18739/A2PC2T86B,https://search.dataone.org/view/doi:10.18739/A2PC2T86B
urn:uuid:c5d13183-0e4f-4008-9492-b53b2cd40a26,https://search.dataone.org/view/urn:uuid:c5d13183-0e4f-4008-9492-b53b2cd40a26
doi:10.18739/A2X34MS0V,https://search.dataone.org/view/doi:10.18739/A2X34MS0V
doi:10.18739/A2C53F20Q,https://search.dataone.org/view/doi:10.18739/A2C53F20Q
doi:10.18739/A2KQ3T,https://search.dataone.org/view/doi:10.18739/A2KQ3T
doi:10.18739/A2J678X46,https://search.dataone.org/view/doi:10.18739/A2J678X46
doi:10.18739/A2NK3652R,https://search.dataone.org/view/doi:10.18739/A2NK3652R
doi:10.18739/A2R20RW89,https://search.dataone.org/view/doi:10.18739/A2R20RW89
doi:10.18739/A2TM7216N,https://search.dataone.org/view/doi:10.18739/A2TM7216N
doi:10.18739/A2V97ZS31,https://search.dataone.org/view/doi:10.18739/A2V97ZS31
urn:uuid:2ac51da5-605e-43a1-9749-9bce30af0c5f,https://search.dataone.org/view/urn:uuid:2ac51da5-605e-43a1-9749-9bce30af0c5f
doi:10.18739/A28911Q99,https://search.dataone.org/view/doi:10.18739/A28911Q99
doi:10.18739/A2280504J,https://search.dataone.org/view/doi:10.18739/A2280504J
